{
  "info": {
    "name": "Day 2 Task API",
    "schema": "https://schema.getpostman.com/json/collection/v2.1.0/collection.json"
  },
  "item": [
    {
      "name": "Sign Up",
      "request": {
        "method": "POST",
        "header": [
          {
            "key": "Content-Type",
            "value": "application/json"
          }
        ],
        "body": {
          "mode": "raw",
          "raw": "{\n  \"name\": \"Test User\",\n  \"phone\": \"1234567890\",\n  \"email\": \"test@example.com\",\n  \"password\": \"password123\"\n}"
        },
        "url": {
          "raw": "http://localhost:5000/api/auth/signup",
          "protocol": "http",
          "host": [
            "localhost"
          ],
          "port": "5000",
          "path": [
            "api",
            "auth",
            "signup"
          ]
        }
      }
    },
    {
      "name": "Sign In",
      "request": {
        "method": "POST",
        "header": [
          {
            "key": "Content-Type",
            "value": "application/json"
          }
        ],
        "body": {
          "mode": "raw",
          "raw": "{\n  \"email\": \"test@example.com\",\n  \"password\": \"password123\"\n}"
        },
        "url": {
          "raw": "http://localhost:5000/api/auth/signin",
          "protocol": "http",
          "host": [
            "localhost"
          ],
          "port": "5000",
          "path": [
            "api",
            "auth",
            "signin"
          ]
        }
      }
    },
    {
      "name": "Get Profile (/me)",
      "request": {
        "method": "GET",
        "header": [
          {
            "key": "Authorization",
            "value": "Bearer {{token}}"
          }
        ],
        "url": {
          "raw": "http://localhost:5000/api/users/me",
          "protocol": "http",
          "host": [
            "localhost"
          ],
          "port": "5000",
          "path": [
            "api",
            "users",
            "me"
          ]
        }
      }
    }
  ],
  "variable": [
    {
      "key": "token",
      "value": ""
    }
  ]
}